Code,Seat,County,Population,Land area (km2),Density (people/km2),Municipality,Average_age,Latitude,Longitude,pharmacy_count
1440,Nödinge-Nol,Västra Götaland County,27947,316.51,88.30,Ale,39.4,57.9068771,12.0601607,3
1489,Alingsås,Västra Götaland County,38553,472.03,81.67,Alingsas,42.2,57.9299658,12.5329678,3
764,Alvesta,Kronoberg County,19219,974.19,19.73,Alvesta,41.8,56.8483677,14.4408337460465,1
604,Aneby,Jönköping County,6360,517.76,12.28,Aneby,42.5,57.85812195,14.8178132360309,1
1984,Arboga,Västmanland County,13437,325.43,41.29,Arboga,44.6,59.394187,15.8396643,1
2506,Arjeplog,Norrbotten County,2996,12556.77,0.24,Arjeplog,47.2,66.38071505,17.1068454362123,0
2505,Arvidsjaur,Norrbotten County,6454,5655.97,1.14,Arvidsjaur,45.7,65.65659605,19.2192529531447,0
1784,Arvika,Värmland County,25835,1649.06,15.67,Arvika,44.8,59.76060895,12.6477957430625,1
1882,Askersund,Örebro County,10993,815.99,13.47,Askersund,46.3,"58.83609425
",14.92605060685007,0
2084,Avesta,Dalarna County,21549,613.25,35.14,Avesta,44.0,"60.224834349999995
",16.375592172090236,0
1460,Bengtsfors,Västra Götaland County,9532,882.93,10.80,Bengtsfors,46.6,"59.0070834
",12.260929214557784,0
2326,Svenstavik,Jämtland County,7180,5711.34,1.26,Berg,46.3,62.766806,14.4324223,0
2403,Bjurholm,Västerbotten County,2442,1306.75,1.87,Bjurholm,46.5,63.96418325,18.9786875797066,0
1260,Bjuv,Skåne County,14813,115.28,128.50,Bjuv,40.4,56.0478255,12.967063468405,3
2582,Boden,Norrbotten County,27762,4007.86,6.93,Boden,44.3,66.04794225,21.1816454779263,0
1443,Bollebygd,Västra Götaland County,8569,263.19,32.56,Bollebygd,41.6,57.744516,12.5807436723468,1
2183,Bollnäs,Gävleborg County,26130,1814.35,14.40,Bollnas,44.3,61.31830325,16.3967939462856,1
885,Borgholm,Kalmar County,10634,678.65,15.67,Borgholm,50.5,57.06651655,17.063002077579,1
2081,Borlänge,Dalarna County,49825,583.87,85.34,Borlange,40.7,60.4856426,60.4856426,3
1490,Borås,Västra Götaland County,105748,909.90,116.22,Boras,40.7,57.7210839,12.9407407,9
127,Tumba,Stockholm County,87386,194.17,450.05,Botkyrka,37.7,59.1996086,17.8363075,31
560,Boxholm,Östergötland County,5256,525.77,10.00,Boxholm,45.1,58.1308226,15.1291326163106,0
1272,Bromölla,Skåne County,12331,162.50,75.88,Bromolla,43.5,56.1108794,14.5201307372084,1
2305,Bräcke,Jämtland County,6630,3408.20,1.95,Bracke,46.9,62.83507915,15.6409696580857,0
1231,Arlöv,Skåne County,17158,18.90,907.83,Burlov,39.3,55.6378013,13.0777501,50
1278,Båstad,Skåne County,14245,209.79,67.90,Bastad,47.6,56.4267895,12.8607151,1
1438,Ed,Västra Götaland County,4758,724.34,6.57,Dals-Ed,45.0,63.29150025,17.2963161126616,0
162,Danderyd (Djursholm),Stockholm County,32074,26.40,1214.92,Danderyd,41.3,59.4018072,18.0619226374915,50
1862,Degerfors,Örebro County,9490,383.98,24.71,Degerfors,46.0,59.1501895,14.4309359611704,1
2425,Dorotea,Västerbotten County,2769,2764.92,1.00,Dorotea,48.5,64.46567965,16.0733648294657,0
1730,Charlottenberg,Värmland County,8443,820.18,10.29,Eda,44.3,59.8839607,12.3049207,1
125,Ekerö,Stockholm County,26282,217.68,120.74,Ekero,39.8,59.3567567,17.6078004544372,1
686,Eksjö,Jönköping County,16454,799.48,20.58,Eksjo,43.7,57.62269775,15.2124134893196,0
862,Emmaboda,Kalmar County,8969,689.70,13.00,Emmaboda,45.6,56.63987585,15.5452908427133,0
381,Enköping,Uppsala County,40542,1178.50,34.40,Enkoping,41.6,59.6356115,17.077856,4
484,Eskilstuna,Södermanland County,99745,1099.87,90.69,Eskilstuna,40.8,59.3717379,16.5051474,7
1285,Eslöv,Skåne County,31793,419.06,75.87,Eslov,40.6,55.8477888,13.2976187050862,3
1445,Nossebro,Västra Götaland County,5529,234.61,23.57,Essunga,44.4,58.1883968,12.7192098,1
1982,Fagersta,Västmanland County,12831,269.04,47.69,Fagersta,43.1,59.9542146,15.8885935650253,2
1382,Falkenberg,Halland County,41646,1108.89,37.56,Falkenberg,43.4,56.989525,12.5789135028422,4
1499,Falköping,Västra Götaland County,31923,1044.98,30.55,Falkoping,42.0,58.16469345,13.493855942801,1
2080,Falun,Dalarna County,56763,2040.13,27.82,Falun,42.2,60.6070068,15.6323059,5
1782,Filipstad,Värmland County,10524,1534.03,6.86,Filipstad,45.4,59.902858,14.1647921679592,0
562,Finspång,Östergötland County,20890,1055.28,19.80,Finspang,43.9,58.811357,15.7594909379337,0
482,Flen,Södermanland County,16068,718.83,22.35,Flen,45.1,59.05586985,16.7526816560264,0
1763,Forshaga,Värmland County,11267,348.18,32.36,Forshaga,42.7,59.64632515,13.4824294671194,1
1439,Färgelanda,Västra Götaland County,6545,588.98,11.11,Fargelanda,44.5,58.6135368,12.0058822484431,0
2026,Djurås,Dalarna County,10052,767.15,13.10,Gagnef,43.7,60.560541,15.1303132,1
662,Gislaved,Jönköping County,28750,1137.08,25.28,Gislaved,41.8,57.29307215,13.4922298881158,2
461,Gnesta,Södermanland County,10450,461.24,22.66,Gnesta,42.8,59.06051195,17.1520727869084,1
617,Gnosjö,Jönköping County,9390,420.58,22.33,Gnosjo,41.7,57.35858025,13.7816919916758,0
980,Visby,Gotland County,57235,3134.05,18.26,Gotland,44.9,57.6379361,18.297982,7
1764,Grums,Värmland County,8918,386.38,23.08,Grums,44.9,59.4009495,13.0373265885825,2
1444,Grästorp,Västra Götaland County,5613,264.68,21.21,Grastorp,45.1,58.32736405,12.6328178768945,1
1447,Gullspång and Hova,Västra Götaland County,5194,312.89,16.60,Gullspang,48.3,58.9227325,14.1330259167624,0
2523,Gällivare,Norrbotten County,18380,15705.15,1.17,Gallivare,45.2,67.19660955,20.5791009091659,1
2180,Gävle,Gävleborg County,96969,1613.37,60.10,Gavle,41.6,60.6750132,17.1467019,9
1480,Gothenburg,Västra Götaland County,567337,447.76,1188.69,Goteborg,39.0,57.7072326,11.9670171,50
1471,Götene,Västra Götaland County,13054,404.54,32.27,Gotene,44.6,58.5944183,13.429570630355,0
643,Habo,Jönköping County,10969,328.52,33.39,Habo,38.4,57.9752626,14.064612727517,0
1783,Hagfors,Värmland County,12117,1824.17,6.64,Hagfors,48.3,60.0879941,13.6478456970816,0
1861,Hallsberg,Örebro County,15265,636.71,23.97,Hallsberg,42.6,58.9931311,15.3277300968136,0
1961,Hallstahammar,Västmanland County,15473,170.70,90.64,Hallstahammar,43.1,59.56577775,16.2344132892536,0
1380,Halmstad,Halland County,93886,1014.13,92.58,Halmstad,41.4,56.6739826,12.8574827,15
1761,Skoghall,Värmland County,15139,39.15,386.69,Hammaro,40.5,59.3241856,13.4705229,12
136,Handen,Stockholm County,80615,458.07,175.99,Haninge,38.2,59.1676451,18.1409008,26
2583,Haparanda,Norrbotten County,9890,922.76,10.72,Haparanda,46.3,65.76518975,23.8737913172627,0
331,Heby,Uppsala County,13451,1166.81,11.53,Heby,43.9,60.06585075,17.0073757554656,0
2083,Hedemora,Dalarna County,15004,835.10,17.97,Hedemora,44.7,60.3892873,16.1633664601604,0
1283,Helsingborg,Skåne County,132706,344.01,385.76,Helsingborg,40.7,56.0441984,12.7040684,24
1466,Herrljunga,Västra Götaland County,9239,497.55,18.57,Herrljunga,43.9,58.00918415,13.157048113265,0
1497,Hjo,Västra Götaland County,8833,297.04,29.74,Hjo,44.9,58.2683631,14.2409679180625,0
2104,Hofors,Gävleborg County,9527,409.94,23.24,Hofors,45.1,60.4848204,16.4538680719622,0
126,Huddinge,Stockholm County,102256,131.01,780.52,Huddinge,37.6,59.2293827,17.9748815,50
2184,Hudiksvall,Gävleborg County,36857,2488.89,14.81,Hudiksvall,44.7,61.7281607,17.105575,1
860,Hultsfred,Kalmar County,13627,1121.52,12.15,Hultsfred,45.2,57.3952278,15.772872560053,1
1315,Hyltebruk,Halland County,9993,946.08,10.56,Hylte,42.2,56.9999142,13.2403039,2
305,Bålsta,Uppsala County,19940,143.75,138.71,Habo,39.9,59.5682102,17.5293647,2
1863,Hällefors,Örebro County,6981,984.95,7.09,Hallefors,45.8,59.745273,14.6589068887325,1
2361,Sveg,Jämtland County,10252,11286.10,0.91,Harjedalen,47.2,62.0360709,14.3598392,0
2280,Härnösand,Västernorrland County,24468,1058.36,23.12,Harnosand,44.3,62.6323084,17.9379914,3
1401,Mölnlycke,Västra Götaland County,35636,266.78,133.58,Harryda,39.3,57.6583613,12.1135762,45
1293,Hässleholm,Skåne County,50187,1268.53,39.56,Hassleholm,43.4,56.18304665,13.7231228606949,2
1284,Höganäs,Skåne County,25016,150.84,165.84,Hoganas,45.0,56.28301775,12.4348402913857,1
821,Högsby,Kalmar County,5692,751.11,7.58,Hogsby,44.6,57.115024,15.8813622471168,0
1266,Hörby,Skåne County,14912,419.41,35.55,Horby,43.0,55.84082155,13.7227249806951,1
1267,Höör,Skåne County,15671,290.85,53.88,Hoor,42.2,55.9331207,13.5068508124664,3
2510,Jokkmokk,Norrbotten County,5074,17614.32,0.29,Jokkmokk,47.0,66.88124415,18.734518787579,0
123,Järfälla (Jakobsberg),Stockholm County,69012,53.81,1282.51,Jarfalla,39.1,59.44501915,17.8220128186403,39
680,Jönköping,Jönköping County,130413,1480.36,88.10,Jonkoping,40.3,57.7825634,14.165719,14
2514,Kalix,Norrbotten County,16447,1807.67,9.10,Kalix,47.0,65.77114845,23.1301568308689,2
880,Kalmar,Kalmar County,63973,956.90,66.85,Kalmar,41.1,57.02784235,16.5752680106162,1
1446,Karlsborg,Västra Götaland County,6752,405.87,16.64,Karlsborg,46.8,58.58832645,14.5388866399768,1
1082,Karlshamn,Blekinge County,31227,488.68,63.90,Karlshamn,44.1,56.1701723,14.8631279,3
1883,Karlskoga,Örebro County,29766,468.23,63.57,Karlskoga,44.1,59.3291667,14.5176911,2
1080,Karlskrona,Blekinge County,64050,1042.21,61.46,Karlskrona,42.1,56.1621073,15.5866422,9
1780,Karlstad,Värmland County,87596,1150.52,76.14,Karlstad,41.5,59.3809146,13.5027631,12
483,Katrineholm,Södermanland County,32874,1020.19,32.22,Katrineholm,42.3,58.9960335,16.2067589,4
1715,Kil,Värmland County,11826,359.73,32.87,Kil,43.4,59.5699797,13.1834032575625,1
513,Kisa,Östergötland County,9812,1129.47,8.69,Kinda,45.1,57.9875021,15.622841,0
2584,Kiruna,Norrbotten County,23134,19140.33,1.21,Kiruna,42.5,67.8550724,20.2255482,2
1276,Klippan,Skåne County,16725,374.32,44.68,Klippan,42.8,56.11626385,13.2288584489731,1
330,Knivsta,Uppsala County,15542,282.17,55.08,Knivsta,36.7,59.7439231,17.8162638965017,2
2282,Kramfors,Västernorrland County,18389,1694.76,10.85,Kramfors,46.9,62.88820575,18.1182303167994,0
1290,Kristianstad,Skåne County,80948,1246.25,64.95,Kristianstad,42.1,56.0293778,14.1566859,3
1781,Kristinehamn,Värmland County,23928,753.12,31.77,Kristinehamn,45.3,59.3113619,14.11176,4
2309,Krokom,Jämtland County,14604,6155.18,2.37,Krokom,41.8,63.802225,14.1808837031191,0
1881,Kumla,Örebro County,20806,204.18,101.90,Kumla,40.6,59.1179611,15.1205566425908,1
1384,Kungsbacka,Halland County,77211,606.67,127.27,Kungsbacka,41.2,57.35388125,11.9332697492903,0
1960,Kungsör,Västmanland County,8141,202.65,40.17,Kungsor,43.4,59.41831085,16.0847739601708,0
1482,Kungälv,Västra Götaland County,42054,362.59,115.98,Kungalv,41.5,57.90203145,11.7830770920956,3
1261,Kävlinge,Skåne County,29604,152.56,194.05,Kavlinge,40.2,55.75513325,12.9014465140328,3
1983,Köping,Västmanland County,25138,604.55,41.58,Koping,43.3,59.5137434,15.9970475,3
1381,Laholm,Halland County,23471,882.96,26.58,Laholm,44.0,56.50514815,13.150901570202,1
1282,Landskrona,Skåne County,42907,140.28,305.87,Landskrona,41.3,55.8698007,12.8296734,5
1860,Laxå,Örebro County,5592,601.97,9.29,Laxa,46.5,58.9016705,14.5223495246479,0
1814,Fjugesta,Örebro County,7303,463.16,15.77,Lekeberg,41.0,59.1734088,14.8709494,0
2029,Leksand,Dalarna County,15152,1221.23,12.41,Leksand,46.1,60.72476845,14.8684614273545,1
1441,Lerum,Västra Götaland County,39203,258.61,151.59,Lerum,39.6,57.8505109,12.3055608036089,3
761,Lessebo,Kronoberg County,8023,412.55,19.45,Lessebo,42.0,56.7517582,15.22395849058,0
186,Lidingö,Stockholm County,45034,30.80,1462.14,Lidingo,41.4,59.3643845,18.133142,50
1494,Lidköping,Västra Götaland County,38344,695.61,55.12,Lidkoping,43.2,58.5037196,13.1576427,3
1462,Lilla Edet,Västra Götaland County,12766,316.23,40.37,Lilla Edet,41.4,58.15883795,12.0777644072472,1
1885,Lindesberg,Örebro County,23114,1377.59,16.78,Lindesberg,43.8,59.6707201,15.2455591175976,1
580,Linköping,Östergötland County,149906,1427.44,105.02,Linkoping,39.4,58.4098135,15.6245252,17
781,Ljungby,Kronoberg County,27324,1747.90,15.63,Ljungby,43.7,56.82651985,13.7969889767912,1
2161,Ljusdal,Gävleborg County,18856,5256.70,3.59,Ljusdal,45.6,61.9179899,15.6845240488401,0
1864,Kopparberg,Örebro County,4844,575.54,8.42,Ljusnarsberg,47.8,59.8745061,14.9903848,1
1262,Lomma,Skåne County,22498,55.52,405.22,Lomma,41.2,55.69890595,13.0468054732932,38
2085,Ludvika,Dalarna County,25643,1490.42,17.21,Ludvika,43.3,60.20869025,14.7016934665482,0
2580,Luleå,Norrbotten County,75361,2094.18,35.99,Lulea,42.1,65.5831187,22.1459535,5
1281,Lund,Skåne County,114061,427.23,266.98,Lund,38.8,55.7029296,13.1929449,21
2481,Lycksele,Västerbotten County,12292,5518.49,2.23,Lycksele,43.5,64.6569455,18.4170775955103,0
1484,Lysekil,Västra Götaland County,14397,208.45,69.07,Lysekil,47.2,58.33451785,11.4560607313738,1
1280,Malmö,Skåne County,336226,156.87,1985.98,Malmo,38.4,55.6052931,13.0001566,50
2023,Malung,Dalarna County,10051,4085.06,2.46,Malung-Salen,45.5,60.6864461,13.7145867,0
2418,Malå,Västerbotten County,3170,1598.95,1.98,Mala,45.5,65.2531766,18.7173616442947,1
1493,Mariestad,Västra Götaland County,23769,601.18,39.54,Mariestad,44.8,58.7093225,13.8228754,1
1463,Kinna,Västra Götaland County,33689,929.25,36.25,Mark,43.0,57.5080076,12.6970568,1
767,Markaryd,Kronoberg County,9504,517.19,18.38,Markaryd,43.7,56.54017435,13.634391885224,1
1461,Mellerud,Västra Götaland County,8913,516.80,17.25,Mellerud,45.5,58.6875868,12.5334482942016,1
586,Mjölby,Östergötland County,26309,546.04,48.18,Mjolby,41.9,58.3036477,15.1762274938875,1
2062,Mora,Dalarna County,20011,2812.56,7.11,Mora,45.4,61.0082091,14.5431333,1
583,Motala,Östergötland County,42126,983.49,42.83,Motala,43.3,58.5420395,15.041261,2
642,Mullsjö,Jönköping County,7013,200.16,35.04,Mullsjo,42.8,57.94232565,13.8166383358514,0
1430,Munkedal,Västra Götaland County,10220,634.01,16.12,Munkedal,43.8,58.60817715,11.6864513490238,0
1762,Munkfors,Värmland County,3665,141.58,25.89,Munkfors,47.0,59.81458065,13.4973190577028,0
1481,Mölndal,Västra Götaland County,61887,145.84,424.35,Molndal,39.1,57.6564918,12.0153085,50
861,Mönsterås,Kalmar County,12895,599.46,21.51,Monsteras,44.6,57.060924,16.4772558731873,1
840,Mörbylånga,Kalmar County,14299,666.79,21.44,Morbylanga,44.8,56.3324097,16.5770101067811,0
182,Nacka,Stockholm County,94215,95.12,990.49,Nacka,39.1,59.29998985,18.2250345695921,50
1884,Nora,Örebro County,10391,618.49,16.80,Nora,44.7,59.54263455,14.8892848971822,1
1962,Norberg,Västmanland County,5589,417.80,13.38,Norberg,45.5,60.06174775,15.9549100159866,2
2132,Bergsjö,Gävleborg County,9515,1370.64,6.94,Nordanstig,45.2,61.9837757,17.0583699,0
2401,Nordmaling,Västerbotten County,7019,1229.42,5.71,Nordmaling,45.4,63.49211235,19.5357188054713,0
581,Norrköping,Östergötland County,133444,1495.05,89.26,Norrkoping,40.7,58.5909124,16.1903511,14
188,Norrtälje,Stockholm County,56845,2016.04,28.20,Norrtalje,45.4,59.75330915,18.9056534605612,4
2417,Norsjö,Västerbotten County,4168,1739.45,2.40,Norsjo,46.0,64.9331627,19.4976041316312,0
881,Nybro,Kalmar County,19466,1171.69,16.61,Nybro,44.1,56.8369395,15.8283091196592,2
140,Nykvarn,Stockholm County,9502,152.76,62.20,Nykvarn,39.5,59.19652695,17.4080806738623,3
480,Nyköping,Södermanland County,52835,1420.84,37.19,Nykoping,43.1,58.7545409,17.0120656,8
192,Nynäshamn,Stockholm County,26681,358.76,74.37,Nynashamn,42.7,58.9056457,17.9470987,3
682,Nässjö,Jönköping County,29470,930.29,31.68,Nassjo,41.6,57.6530377,14.6981554,1
2101,Ockelbo,Gävleborg County,5825,1064.97,5.47,Ockelbo,46.0,60.9197006,16.5426709711809,0
1060,Olofström,Blekinge County,12906,389.79,33.11,Olofstrom,45.1,56.3253157,14.5572286072347,0
2034,Orsa,Dalarna County,6837,1730.85,3.95,Orsa,46.0,61.3325441,14.7196088938122,0
1421,Henån,Västra Götaland County,15108,386.52,39.09,Orust,47.5,63.3105345,13.0738258,1
1273,Osby,Skåne County,12692,576.24,22.03,Osby,43.9,56.40981855,13.9384145796619,1
882,Oskarshamn,Kalmar County,26258,1049.49,25.02,Oskarshamn,43.6,57.2632811,16.4443478,2
2121,Edsbyn,Gävleborg County,11392,1873.31,6.08,Ovanaker,45.4,61.3774428,15.8181755,1
481,Oxelösund,Södermanland County,11371,35.39,321.31,Oxelosund,45.2,58.56252765,17.3413797706241,0
2521,Pajala,Norrbotten County,6300,7840.19,0.80,Pajala,48.6,67.40635805,22.8904105729555,0
1402,Partille,Västra Götaland County,36097,56.83,635.18,Partille,39.6,57.7294288,12.1356848456024,50
1275,Perstorp,Skåne County,7104,158.78,44.74,Perstorp,41.9,56.1818767,13.3607436875413,1
2581,Piteå,Norrbotten County,41247,3086.95,13.36,Pitea,43.4,65.3134764,21.4899394,2
2303,Hammarstrand,Jämtland County,5456,2511.14,2.17,Ragunda,46.8,63.1085771,16.3558429,0
2409,Robertsfors,Västerbotten County,6734,1292.21,5.21,Robertsfors,45.0,64.19872055,20.9258858227625,1
1081,Ronneby,Blekinge County,27874,825.34,33.77,Ronneby,43.5,56.19838435,15.2723425645096,3
2031,Rättvik,Dalarna County,10778,1920.66,5.61,Rattvik,48.8,61.20567045,15.3393756358095,0
1981,Sala,Västmanland County,21766,1166.85,18.65,Sala,43.8,59.97519665,16.4528744713218,2
128,Salem,Stockholm County,16006,54.09,295.91,Salem,39.2,59.23870475,17.7283886990123,28
2181,Sandviken,Gävleborg County,37179,1166.40,31.88,Sandviken,43.6,60.619422,16.7724214,3
191,Märsta,Stockholm County,43116,327.40,131.69,Sigtuna,38.1,59.6252383,17.8515672,10
1291,Simrishamn,Skåne County,18900,391.36,48.29,Simrishamn,49.4,55.54488965,14.4284608267344,5
1265,Sjöbo,Skåne County,18412,492.17,37.41,Sjobo,43.8,55.64272265,13.7952741224743,2
1495,Skara,Västra Götaland County,18472,428.65,43.09,Skara,42.7,58.3846075,13.4397675,2
2482,Skellefteå,Västerbotten County,71927,6802.85,10.57,Skelleftea,43.6,64.7520185,20.959339,3
1904,Skinnskatteberg,Västmanland County,4406,659.43,6.68,Skinnskatteberg,47.0,59.79257735,15.745683903684,1
1264,Skurup,Skåne County,14997,193.58,77.47,Skurup,41.9,55.35068515,13.6027261140567,0
1496,Skövde,Västra Götaland County,52673,673.68,78.19,Skovde,40.8,58.3898453,13.8443792,6
2061,Smedjebacken,Dalarna County,10727,947.92,11.32,Smedjebacken,46.4,60.0704423,15.4493910261445,1
2283,Sollefteå,Västernorrland County,19576,5397.82,3.63,Solleftea,46.3,63.44166445,16.7493966234506,0
163,Sollentuna,Stockholm County,67846,52.64,1288.87,Sollentuna,39.1,59.4293164,17.9500556,50
184,Solna (Skytteholm),Stockholm County,72495,19.30,3756.22,Solna,39.2,59.361367,18.0013693,50
2422,Sorsele,Västerbotten County,2620,7368.44,0.36,Sorsele,47.1,65.7105476,16.7522147303034,0
1427,Kungshamn,Västra Götaland County,8950,138.21,64.76,Sotenas,49.4,58.3608171,11.2511421,1
1230,Staffanstorp,Skåne County,22615,106.82,211.71,Staffanstorp,39.6,55.65028535,13.220185689362,20
1415,Stenungsund,Västra Götaland County,24911,251.91,98.89,Stenungsund,41.3,58.0582119,11.9138339319726,3
180,Stockholm,Stockholm County,955397,187.17,4777.29,Stockholm,39.2,59.3251172,18.0710935,50
1760,Storfors,Värmland County,4120,391.47,10.52,Storfors,46.7,59.4631575,14.2778645739392,0
2421,Storuman,Västerbotten County,5973,7303.53,0.82,Storuman,46.9,65.44151115,15.6182826467019,0
486,Strängnäs,Södermanland County,33269,739.70,44.98,Strangnas,42.6,59.3763155,17.0268194,3
1486,Strömstad,Västra Götaland County,12454,467.48,26.64,Stromstad,42.8,58.9377567,11.1736096,2
2313,Strömsund,Jämtland County,11982,10465.08,1.14,Stromsund,46.7,64.2337727,15.542724441131,0
183,Sundbyberg,Stockholm County,42211,8.67,4868.63,Sundbyberg,37.5,59.3628802,17.9681359,50
2281,Sundsvall,Västernorrland County,96977,3189.61,30.40,Sundsvall,42.4,62.3907552,17.3071024,10
1766,Sunne,Värmland County,13046,1288.11,10.13,Sunne,44.9,59.88759665,13.0522806574543,0
1907,Surahammar,Västmanland County,9823,343.81,28.57,Surahammar,43.9,59.78210325,16.127223792329,0
1214,Svalöv,Skåne County,13286,387.30,34.30,Svalov,40.2,55.9136519,13.1069825,1
1263,Svedala,Skåne County,20080,218.05,92.09,Svedala,39.3,55.5429301,13.2564478869022,4
1465,Svenljunga,Västra Götaland County,10279,919.76,11.18,Svenljunga,44.3,57.4095998,13.0605725546768,1
1785,Säffle,Värmland County,15288,1259.81,12.14,Saffle,45.6,59.0889985,13.1451308798374,0
2082,Säter,Dalarna County,10929,570.33,19.16,Sater,44.8,60.4142357,15.7372973913191,0
684,Sävsjö,Jönköping County,10953,679.05,16.13,Savsjo,42.4,57.3171689,14.6055594418714,0
2182,Söderhamn,Gävleborg County,25425,1060.77,23.97,Soderhamn,45.6,61.2998501,17.0607599,1
582,Söderköping,Östergötland County,14195,673.85,21.07,Soderkoping,43.9,58.4823802,16.3216224,3
181,Södertälje,Stockholm County,90677,525.15,172.67,Sodertalje,39.4,59.1964289,17.6271663,10
1083,Sölvesborg,Blekinge County,16807,185.31,90.70,Solvesborg,45.1,56.0506535,14.5871906,2
1435,Tanumshede,Västra Götaland County,12287,917.24,13.40,Tanum,46.3,58.7219089,11.3323854,1
1472,Tibro,Västra Götaland County,10725,220.65,48.61,Tibro,43.7,58.4563719,14.2305853565617,1
1498,Tidaholm,Västra Götaland County,12578,518.06,24.28,Tidaholm,43.7,58.1439128,13.9230837365318,1
360,Tierp,Uppsala County,20172,1547.78,13.03,Tierp,43.5,60.47681935,17.8458216750897,0
2262,Timrå,Västernorrland County,18067,783.30,23.07,Timra,43.3,62.58453855,17.4626178946135,1
763,Tingsryd,Kronoberg County,12146,1044.88,11.62,Tingsryd,46.1,56.5401619,14.9982360093508,1
1419,Skärhamn,Västra Götaland County,15047,167.36,89.91,Tjorn,45.7,57.9909221,11.549795,1
1270,Tomelilla,Skåne County,12900,395.94,32.58,Tomelilla,44.1,55.62611725,14.0155959908617,1
1737,Torsby,Värmland County,12037,4162.19,2.89,Torsby,47.2,60.5383848,12.9964841694978,1
834,Torsås,Kalmar County,6867,468.41,14.66,Torsas,46.3,56.41350485,15.9924762128771,0
1452,Tranemo,Västra Götaland County,11566,741.27,15.60,Tranemo,43.8,57.4878054,13.4218879124853,0
687,Tranås,Jönköping County,18185,402.66,45.16,Tranas,43.2,58.0394675,14.8254810769259,2
1287,Trelleborg,Skåne County,42774,339.87,125.85,Trelleborg,42.5,55.37592,13.1461522,6
1488,Trollhättan,Västra Götaland County,56393,409.88,137.58,Trollhattan,40.5,58.2827931,12.2908612,9
488,Trosa,Södermanland County,11619,209.73,55.40,Trosa,43.4,58.7208528,17.6819847814177,0
138,Tyresö (Bollmora),Stockholm County,44057,69.25,636.20,Tyreso,39.8,59.2108553,18.3432557798293,13
160,Täby,Stockholm County,66161,60.72,1089.61,Taby,40.9,59.4615531,18.0708782046907,35
1473,Töreboda,Västra Götaland County,8972,539.85,16.62,Toreboda,44.9,58.67552915,14.1232586330159,0
1485,Uddevalla,Västra Götaland County,52886,637.69,82.93,Uddevalla,41.8,58.3490555,11.9382855,6
1491,Ulricehamn,Västra Götaland County,23127,1046.02,22.11,Ulricehamn,43.5,57.81121745,13.444322002103,1
2480,Umeå,Västerbotten County,118034,2316.61,50.95,Umea,38.9,63.8256568,20.2630745,6
114,Upplands Väsby,Stockholm County,41380,75.09,551.07,Upplands Vasby,39.3,59.5166933,17.9156599506728,35
139,Kungsängen,Stockholm County,24569,235.47,104.34,Upplands-Bro,38.2,59.4786677,17.7511698,17
380,Uppsala,Uppsala County,204639,2182.80,93.75,Uppsala,38.9,59.8586126,17.6387436,25
760,Åseda,Kronoberg County,9226,1171.88,7.87,Uppvidinge,43.4,57.1691268,15.3525029,1
584,Vadstena,Östergötland County,7367,181.91,40.50,Vadstena,48.4,58.4322624,14.7814520469689,1
665,Vaggeryd and Skillingaryd,Jönköping County,13193,824.94,15.99,Vaggeryd,40.9,57.47743865,14.1758849822035,1
563,Valdemarsvik,Östergötland County,7604,733.82,10.36,Valdemarsvik,47.5,58.1901051,16.9679611722344,0
115,Vallentuna,Stockholm County,31523,358.36,87.96,Vallentuna,39.0,59.58499595,18.2212196710046,3
2021,Vansbro,Dalarna County,6735,1539.57,4.37,Vansbro,45.6,60.4610572,14.2598014295351,0
1470,Vara,Västra Götaland County,15637,696.93,22.44,Vara,43.8,58.24902655,13.1016812262229,1
1383,Varberg,Halland County,59779,868.71,68.81,Varberg,43.3,57.1057412,12.2502949,6
187,Vaxholm,Stockholm County,11196,57.88,193.43,Vaxholm,42.1,59.40127525,18.290151025552,16
1233,Vellinge,Skåne County,33806,142.61,237.05,Vellinge,42.9,55.322806,12.8048850146406,2
685,Vetlanda,Jönköping County,26362,1500.51,17.57,Vetlanda,43.4,57.36554305,15.1678305050662,4
2462,Vilhelmina,Västerbotten County,6924,8047.87,0.86,Vilhelmina,45.0,64.91330775,16.0788382429556,0
884,Vimmerby,Kalmar County,15315,1140.23,13.43,Vimmerby,44.2,57.678134,15.7917231663924,1
2404,Vindeln,Västerbotten County,5330,2629.37,2.03,Vindeln,45.5,64.3968771,19.5400727315435,0
428,Vingåker,Södermanland County,8818,370.27,23.82,Vingaker,44.4,59.06618905,15.8962241189295,1
1442,Vårgårda,Västra Götaland County,11066,426.60,25.94,Vargarda,41.4,57.98555495,12.7611399445758,0
1487,Vänersborg,Västra Götaland County,37240,642.70,57.94,Vanersborg,42.6,58.3811988,12.3226877,9
2460,Vännäs,Västerbotten County,8578,529.49,16.20,Vannas,41.6,63.936088,19.6968067804098,0
120,Gustavsberg,Stockholm County,39757,448.03,88.74,Varmdo,39.9,59.3256235,18.388514,14
683,Värnamo,Jönköping County,33057,1216.00,27.19,Varnamo,42.4,57.1832783,14.0483437,0
883,Västervik,Kalmar County,35814,1871.56,19.14,Vastervik,46.3,57.7594186,16.6385035,4
1980,Västerås,Västmanland County,141845,957.89,148.08,Vasteras,41.0,59.6110992,16.5463679,12
780,Växjö,Kronoberg County,85635,1665.51,51.42,Vaxjo,39.8,56.8787183,14.8094385,11
512,Österbymo,Östergötland County,3590,675.42,5.32,Ydre,46.8,57.8247951,15.2753967,0
1286,Ystad,Skåne County,28593,350.08,81.68,Ystad,45.8,55.4329849,13.8196555,3
1492,Åmål,Västra Götaland County,12203,481.12,25.36,Amal,45.1,58.96628125,12.6126795109949,1
2260,Ånge,Västernorrland County,9582,3051.36,3.14,Ange,46.6,62.47383605,15.6411380049146,0
2321,Järpen,Jämtland County,10378,7199.45,1.44,Are,40.1,63.348376,13.4636687,0
1765,Årjäng,Värmland County,9870,1409.47,7.00,Arjang,44.3,59.4514504,12.0187866608342,1
2463,Åsele,Västerbotten County,2887,4223.79,0.68,Asele,47.5,64.21110665,17.6020847808251,0
1277,Åstorp,Skåne County,14896,92.22,161.53,Astorp,39.7,56.1351211,12.9462464,4
561,Åtvidaberg,Östergötland County,11456,686.62,16.68,Atvidaberg,45.0,58.2173363,16.140217486292,0
765,Älmhult,Kronoberg County,15759,890.78,17.69,Almhult,40.9,56.59814705,14.1144166826747,3
2039,Älvdalen,Dalarna County,7086,6871.51,1.03,alvdalen,46.5,61.6509089,12.9030942040822,0
319,Skutskär,Uppsala County,9161,214.98,42.61,alvkarleby,43.9,60.6352228,17.4092868,1
2560,Älvsbyn,Norrbotten County,8182,1698.04,4.82,alvsbyn,44.8,65.7580276,20.6492633118099,0
1292,Ängelholm,Skåne County,39821,420.06,94.80,Angelholm,43.7,56.2429224,12.8619375,4
1407,Öckerö,Västra Götaland County,12559,25.74,487.92,Ockero,44.7,57.7265248,11.4231638877881,0
509,Ödeshög,Östergötland County,5192,430.42,12.06,Odeshog,45.1,58.21775955,14.6510927953134,0
1880,Örebro,Örebro County,140295,1373.15,102.17,Orebro,39.6,59.2747287,15.2151181,10
1257,Örkelljunga,Skåne County,9658,319.55,30.22,Orkelljunga,43.8,56.30983835,13.3558123702412,1
2284,Örnsköldsvik,Västernorrland County,54993,6376.46,8.62,Ornskoldsvik,43.7,63.2888613,18.7160209,4
2380,Östersund,Jämtland County,59727,2208.31,27.05,Ostersund,41.9,63.1793655,14.6357061,5
117,Åkersberga,Stockholm County,40414,312.40,129.37,Osteraker,40.6,59.4823516,18.2943981,6
382,Östhammar,Uppsala County,21346,1475.28,14.47,Osthammar,45.3,60.3897041,18.5698382602343,0
1256,Broby,Skåne County,13632,431.96,31.56,Ostra Goinge,41.8,56.2549337,14.0777187,0
2513,Överkalix,Norrbotten County,3450,2764.53,1.25,Overkalix,49.7,66.486364,22.6052416434085,0
2518,Övertorneå,Norrbotten County,4726,2362.07,2.00,Overtornea,50.0,66.51355335,23.4320927074849,0